{
	"formatType" : "DELIMITED"
	, "delimiter" : "\t"
	, "beanClass" : "com.gatestone.crs.messaging.sms.model.SmsMessage"
	, "smsUser" : "apiamexca"
	, "rowOffset" : 1
	, "fieldConfigs" : [
		{"field" : "province" , "index" : 0, "column" : ""}
		,{"field" : "to" , "index" : 1, "column" : ""}
		,{"field" : "message" , "index" : 2, "column" : ""}
		,{"field" : "extraData1" , "index" : 3, "description" : "Account"}
		,{"field" : "extraData2" , "index" : 4, "description" : "Data Path"}
	]
}