{
	"inputPath": "D:\\new_ws\\sms_sender\\docs\\test_files"
	,"fileNameFilter" : {
		"filter" : "a[0-9]+\\.txt"
		,"type" : "R"
	}
	, "targetTable" : "sample_fixed"
	, "parserMeta" : {
		"formatType" : "FIXED"
		, "beanClass" : "com.example.sender.xyz.SampleFixed"
		, "fieldConfigs" : [
			{"field" : "entry" , "index" : 1, "length" : 8}
			,{"field" : "per" , "index" : 2, "length" : 4}
			,{"field" : "postDate" , "index" : 3, "length" : 12, "dateFormat" : "MM/dd/yyyy"}
			,{"field" : "glAccount" , "index" : 4, "length" : 12}
			,{"field" : "description" , "index" : 5, "length" : 28}
			,{"field" : "srce" , "index" : 6, "length" : 5, "isDummy" : true }
			,{"field" : "cflow" , "index" : 7, "length" : 4}
			,{"field" : "ref" , "index" : 8, "length" : 10}
			,{"field" : "post" , "index" : 9, "length" : 5}
			,{"field" : "debit" , "index" : 10, "length" : 20}
			,{"field" : "credit" , "index" : 11, "length" : 20}
			,{"field" : "alloc" , "index" : 12, "length" : 4}
		]
	}
}