<configuration>
	<property name="LOG_FILE" value="crssms" />
	<appender name="FILE-ROLLING" class="ch.qos.logback.core.rolling.RollingFileAppender">
		<file>${LOG_DIR}/${LOG_FILE}.log</file>
		<rollingPolicy class="ch.qos.logback.core.rolling.SizeAndTimeBasedRollingPolicy">
			<fileNamePattern>${LOG_DIR}/${LOG_FILE}.%d{yyyy-MM-dd}.%i.log</fileNamePattern>
			<maxFileSize>1GB</maxFileSize>    
			<maxHistory>3000</maxHistory>
			<!-- <totalSizeCap>1GB</totalSizeCap> -->
		</rollingPolicy>
		<encoder>
			<pattern>%d{yyyy-MM-dd-HH:mm:ss.SSS}-[%thread]-%-5level-%logger{36}.%M[%line]-%msg%n</pattern>
		</encoder>
	</appender>
	<logger name="com.gatestone.messaging" level="debug" additivity="false">
		<appender-ref ref="FILE-ROLLING" />
	</logger>
	<root level="error">
		<appender-ref ref="FILE-ROLLING"/> 
	</root>
</configuration>
